{
  "usuarios": [
    {"id": 1,"usuario": "admin","senha": "iadvh@2024$","nome":"Administrador"},
{"id": 2, "usuario": "83450696300", "senha": "05071981", "nome":  "ALVINA PEREIRA"},
{"id": 3, "usuario": "03790752371", "senha": "10051987", "nome":  "ANA KAROLINY"},
{"id": 4, "usuario": "60549824359", "senha": "04021995", "nome":  "ANA LUCILA"},
{"id": 5, "usuario": "00204443385", "senha": "30071983", "nome":  "ANA PAULA"},
{"id": 6, "usuario": "01781821330", "senha": "10061987", "nome":  "ANAIDE MOREIRA"},
{"id": 7, "usuario": "01819431312", "senha": "04051986", "nome":  "ANDREA CRISTINE"},
{"id": 8, "usuario": "95012648315", "senha": "31071984", "nome":  "ANGELMA SILVA"},
{"id": 9, "usuario": "60946551332", "senha": "21031997", "nome":  "BIANCA SUELLEN"},
{"id": 10, "usuario":"96056100359", "senha": "31101983", "nome":  "CAMILA NASCIMENTO"},
{"id": 11, "usuario":"60948012374", "senha": "27021995", "nome":  "CARLA BIANCA"},
{"id": 12, "usuario":"02515675328", "senha": "25111986", "nome":  "CARLOS AUGUSTO"},
{"id": 13, "usuario":"00055160301", "senha": "10121982", "nome":  "CARLOS MAGNO"},
{"id": 14, "usuario":"05680685302", "senha": "15031992", "nome":  "CASSIO RODRIGO"},
{"id": 15, "usuario":"06479465300", "senha": "12041999", "nome":  "CASSIUS LUIZ"},
{"id": 16, "usuario":"19832338387", "senha": "16121960", "nome":  "CLEMENCIA CARDOSO"},
{"id": 17, "usuario":"02751073379", "senha": "28101987", "nome":  "CLEULIS PEREIRA"},
{"id": 18, "usuario":"70428247334", "senha": "14021976", "nome":  "CRISOSTELA MATOS"},
{"id": 19, "usuario":"01904330355", "senha": "23021985", "nome":  "DANIELA MORAIS"},
{"id": 20, "usuario":"01155824369", "senha": "06111986", "nome":  "DANIELE CAVALCANTE"},
{"id": 21, "usuario":"67304915587", "senha": "30111973", "nome":  "DERIVAL ROCHA"},
{"id": 22, "usuario":"64528014300", "senha": "01031980", "nome":  "EDMILTON MESQUITA"},
{"id": 23, "usuario":"74642790349", "senha": "21041977", "nome":  "ELENILDES LEITE"},
{"id": 24, "usuario":"76345211320", "senha": "02121976", "nome":  "ELIANA COSTA"},
{"id": 25, "usuario":"01072759373", "senha": "21091985", "nome":  "ELIS CABRAL"},
{"id": 26, "usuario":"50764233300", "senha": "13051973", "nome":  "ELIZANGELA CUTRIM"},
{"id": 27, "usuario":"01359026304", "senha": "17031981", "nome":  "ERLIVANA BARROS"},
{"id": 28, "usuario":"01577467205", "senha": "18061993", "nome":  "EVELLYN NATASHA"},
{"id": 29, "usuario":"01689923377", "senha": "03111989", "nome":  "FELIPE MARQUES"},
{"id": 30, "usuario":"04470293393", "senha": "17101992", "nome":  "FERNANDA GONCALVES"},
{"id": 31, "usuario":"02864450348", "senha": "20101990", "nome":  "FRANCISCA CAMILA"},
{"id": 32, "usuario":"05442503380", "senha": "28011992", "nome":  "GISELE CARVALHO"},
{"id": 33, "usuario":"01543862357", "senha": "06071988", "nome":  "GLEICIANE BANDEIRA"},
{"id": 34, "usuario":"03971349323", "senha": "03031992", "nome":  "GUSTAVO FERREIRA"},
{"id": 35, "usuario":"61140921398", "senha": "10112004", "nome":  "HELLEN THAMELA"},
{"id": 36, "usuario":"00335472389", "senha": "08081985", "nome":  "HUGO DELEON"},
{"id": 37, "usuario":"00687443318", "senha": "04031984", "nome":  "IRANETH SILVA"},
{"id": 38, "usuario":"01255172460", "senha": "17021982", "nome":  "ISAAC EBANO"},
{"id": 39, "usuario":"66243297349", "senha": "05111981", "nome":  "ISABEL CRISTINA"},
{"id": 40, "usuario":"25072285391", "senha": "27091961", "nome":  "ISABEL FRANCISCA"},
{"id": 41, "usuario":"00179290320", "senha": "22051984", "nome":  "ITACIARA KERLLEN"},
{"id": 42, "usuario":"46752781320", "senha": "02091971", "nome":  "IVANILDE CASTRO"},
{"id": 43, "usuario":"02430929384", "senha": "04041988", "nome":  "IVANILSON SOEIRO"},
{"id": 44, "usuario":"47202807300", "senha": "17031973", "nome":  "IVANLINS MACEDO"},
{"id": 45, "usuario":"00396076319", "senha": "26041984", "nome":  "JANAINA SOUZA"},
{"id": 46, "usuario":"02757429388", "senha": "02121988", "nome":  "JAYNAR BEZERRA"},
{"id": 47, "usuario":"02526402336", "senha": "21101985", "nome":  "JORDANA NEVES"},
{"id": 48, "usuario":"62105855318", "senha": "29042004", "nome":  "JOSEDSON SERRA"},
{"id": 49, "usuario":"01256993360", "senha": "16051984", "nome":  "KEILIANE GASPAR"},
{"id": 50, "usuario":"61358032394", "senha": "28041999", "nome":  "KETLEN WALLESKA"},
{"id": 51, "usuario":"05871438350", "senha": "05032000", "nome":  "LARISSA PINTO"},
{"id": 52, "usuario":"86175440234", "senha": "04051988", "nome":  "LEONARDO VIEIRA"},
{"id": 53, "usuario":"61003137318", "senha": "31031999", "nome":  "LETICIA EDNE"},
{"id": 54, "usuario":"46787828349", "senha": "25121972", "nome":  "LIDIA GIOVANA"},
{"id": 55, "usuario":"52273385315", "senha": "02051975", "nome":  "LILIAN SANTOS"},
{"id": 56, "usuario":"04047987301", "senha": "13121991", "nome":  "LUANA MELO"},
{"id": 57, "usuario":"03821121300", "senha": "11031984", "nome":  "LUCINETE FERREIRA"},
{"id": 58, "usuario":"79761089304", "senha": "15031977", "nome":  "MANOEL DE JESUS"},
{"id": 59, "usuario":"05231448303", "senha": "15121991", "nome":  "MARCELA SOUSA"},
{"id": 60, "usuario":"61713614375", "senha": "15032004", "nome":  "MARCIO BARBOSA"},
{"id": 61, "usuario":"72271736315", "senha": "21121975", "nome":  "CONCEIÇAO OLIVEIRA"},
{"id": 62, "usuario":"60529115301", "senha": "18051995", "nome":  "MARIA LUIZA"},
{"id": 63, "usuario":"03936199310", "senha": "05081988", "nome":  "MARIANNA MORAIS"},
{"id": 64, "usuario":"00734215371", "senha": "03031987", "nome":  "MAX HENRIQUE"},
{"id": 65, "usuario":"03931624358", "senha": "02071992", "nome":  "MAX SILVA"},
{"id": 66, "usuario":"06362663381", "senha": "02111996", "nome":  "MAYRLA FARIAS"},
{"id": 67, "usuario":"61067958355", "senha": "30092004", "nome":  "MELISSA SANTOS"},
{"id": 68, "usuario":"01788673301", "senha": "05111986", "nome":  "MIREILLE SILVA"},
{"id": 69, "usuario":"60019890362", "senha": "08081988", "nome":  "MONICA VANESSA"},
{"id": 70, "usuario":"04592554361", "senha": "28121990", "nome":  "NAGILA LISSE"},
{"id": 71, "usuario":"03943718360", "senha": "30101989", "nome":  "NARAILDE SOUSA"},
{"id": 72, "usuario":"78110521304", "senha": "08091975", "nome":  "NATIVIDADE BARROS"},
{"id": 73, "usuario":"02305987307", "senha": "15081985", "nome":  "PAULO CESAR"},
{"id": 74, "usuario":"02431028364", "senha": "20041992", "nome":  "PRISCILA OLIVEIRA"},
{"id": 75, "usuario":"03245708300", "senha": "04041998", "nome":  "RODRIGO VIEIRA"},
{"id": 76, "usuario":"55090281300", "senha": "08081975", "nome":  "ROSARIA ASSUNÇÃO"},
{"id": 77, "usuario":"02149556308", "senha": "20041988", "nome":  "ROSE DAYSE"},
{"id": 78, "usuario":"61733853332", "senha": "18051999", "nome":  "SAMUEL FERREIRA"},
{"id": 79, "usuario":"61493007300", "senha": "26111974", "nome":  "SELMA CRISTINE"},
{"id": 80, "usuario":"72704640300", "senha": "29031975", "nome":  "SHIRLEY SANTOS"},
{"id": 81, "usuario":"96196084372", "senha": "09101985", "nome":  "SUELMA SILVA"},
{"id": 82, "usuario":"96025182353", "senha": "03111982", "nome":  "SYLEIDE BRAGA"},
{"id": 83, "usuario":"61259337332", "senha": "17121997", "nome":  "THALLYS HERMESON"},
{"id": 84, "usuario":"05461514340", "senha": "14031996", "nome":  "THAYSSA KAROLINY"},
{"id": 85, "usuario":"01170492398", "senha": "01031985", "nome":  "TONY DUARTE"},
{"id": 86, "usuario":"01835865305", "senha": "02071986", "nome":  "VANESSA SANTANA"},
{"id": 87, "usuario":"74514075353", "senha": "30071975", "nome":  "VIVIANE JACIRA"},
{"id": 88, "usuario":"03479698360", "senha": "19101991", "nome":  "VIVIANE MOTA"},
{"id": 89, "usuario":"60720831377", "senha": "17031996", "nome":  "WANDERSON DINIZ"},
{"id": 90, "usuario":"65709721387", "senha": "24081981", "nome":  "LUIS CARLOS"},
{"id": 91, "usuario":"05740821312", "senha": "25051993", "nome":  "THAYANE TAFNES"},
{"id": 92, "usuario":"01284307379", "senha": "04061985", "nome":  "SANDRA DANIELLE"},
{"id": 93, "usuario":"01321061323", "senha": "19041984", "nome":  "VANESSA FONSECA"}
  ]
}
